{"impression": 10, "EAH092A-FRT": {"1": 7, "2": 6, "3": 4, "4": 10, "5": 1, "6": 10, "7": 5, "8": 2, "9": 9, "10": 7, "11": 8, "12": 8, "13": 5, "14": 8, "15": 1, "16": 5, "17": 1, "18": 10, "19": 9, "20": 4, "21": 4, "22": 3, "23": 4, "24": 6, "25": 10, "26": 5, "27": 6, "28": 4, "29": 4, "30": 6, "31": 10}, "EAH092B-FRT": {"1": 7, "2": 6, "3": 4, "4": 10, "5": 1, "6": 10, "7": 5, "8": 2, "9": 9, "10": 7, "11": 8, "12": 8, "13": 5, "14": 8, "15": 1, "16": 5, "17": 1, "18": 10, "19": 9, "20": 4, "21": 4, "22": 3, "23": 4, "24": 6, "25": 10, "26": 5, "27": 6, "28": 4, "29": 4, "30": 6, "31": 10}, "EAH092C-FRT": {"1": 7, "2": 6, "3": 4, "4": 10, "5": 1, "6": 10, "7": 5, "8": 2, "9": 9, "10": 7, "11": 8, "12": 8, "13": 5, "14": 8, "15": 1, "16": 5, "17": 1, "18": 10, "19": 9, "20": 4, "21": 4, "22": 3, "23": 4, "24": 6, "25": 10, "26": 5, "27": 6, "28": 4, "29": 4, "30": 6, "31": 10}, "EAH092D-FRT": {"1": 7, "2": 6, "3": 4, "4": 10, "5": 1, "6": 10, "7": 5, "8": 2, "9": 9, "10": 7, "11": 8, "12": 8, "13": 5, "14": 8, "15": 1, "16": 5, "17": 1, "18": 10, "19": 9, "20": 4, "21": 4, "22": 3, "23": 4, "24": 6, "25": 10, "26": 5, "27": 6, "28": 4, "29": 4, "30": 6, "31": 10}}