{"JO No.": "Z000461580", "Mac": "ZP12", "Jo Line": 3, "To do": 200, "Code": "WDF/TU24253Z/P", "Desc": "DIV PFCS MY EASTLIGHT 1-10 EW #24253(PRT)", "So No": "PLASTOREG SMIDT GMB", "EDD": "PXB00276 (11/01/2019)", "So Qty": 1080, "So Rem": "+/- 10%", "Materials": {"1": {"Material Code": "PZI/BTTKUNIECO", "Material Description": "INK TOYOCHEM TK UNI ECO Blu @2kg", "Qty": 0.0056, "UOM": "KGS"}, "2": {"Material Code": "PZI/RTTKUNIECO", "Material Description": "INK TOYOCHEM TK UNI ECO Red @2kg", "Qty": 0.01, "UOM": "KGS"}, "3": {"Material Code": "PZI/YTTKUNIECO", "Material Description": "INK TOYOCHEM TK UNI ECO Ylw @2kg", "Qty": 0.0056, "UOM": "KGS"}, "4": {"Material Code": "PZI/KTTKUNIECO", "Material Description": "INK TOYOCHEM TK UNI ECO Blk  @2kg", "Qty": 0.01, "UOM": "KGS"}}, "Instruction": "FRT(4UP)-160g WC 475*600mm\nEAH092A-FRT 1\nEAH092B-FRT 2\nEAH092C-FRT 3\nEAH092D-FRT 4(4 021627 24253 2)", "Prev": "ZT02", "Next": "ZT01"}